username,first_name,last_name,phone,email,sex,role,category,campus,password
a/ur4352/09,Abdi,Dasta,915887454,abdidastalikasa@gmail.com,Male,team,Participant,ASTU,a/ur4352/09
a/ur5082/09,Arefat,Hyeredin,923926293,arefathyeredin@outlook.com,Male,team,Participant,ASTU,a/ur5082/09
a/ur4462/09,Raya,Mohammed,938938223,rexraya0938@gmail.com,Male,team,Participant,ASTU,a/ur4462/09
a/ur4582/09,Henok,Fekade,985190194,Henokfekade@gmail.com,Male,team,Participant,ASTU,a/ur4582/09
a/ur5037/09,Eliyas,Wubie,986700455,doelgogo123@gmail.com,Male,team,Participant,ASTU,a/ur5037/09
a/ur3933/09,Ruphael,Admassu,919194741,Ruphaeladmassu123@gmail.com,Male,team,Participant,ASTU,a/ur3933/09
a/ur5077/09,Robera,Bekele,939970997,ruphaeladmassu123@gmail.com,Male,team,Participant,ASTU,a/ur5077/09
a/ur5064/09,Molla,Manie,928526047,Mollaman19@gmail.com,Male,team,Participant,ASTU,a/ur5064/09
